id,title,problem,severity,enabled,reportOnly,params,in_default,default_enabled
1,WME Toolbox: Rotonda que puede causar problemas,Los números de identificación de los puntos de unión de los segmentos de la rotonda no son consecutivos,N,false,false,,false,-
2,WME Toolbox: Segmento Simple,El segmento tiene nodos de geometría innecesarios,N,false,false,,false,-
3,WME Toolbox: Bloqueo nivel 2,El segmento está resaltado por WME Toolbox. No es un problema,N,false,false,,false,-
4,WME Toolbox: Bloqueo nivel 3,El segmento está resaltado por WME Toolbox. No es un problema,N,false,false,,false,-
5,WME Toolbox: Bloqueo nivel 4,El segmento está resaltado por WME Toolbox. No es un problema,N,false,false,,false,-
6,WME Toolbox: Bloqueo nivel 5,El segmento está resaltado por WME Toolbox. No es un problema,N,false,false,,false,-
7,WME Toolbox: Bloqueo nivel 6,El segmento está resaltado por WME Toolbox. No es un problema,N,false,false,,false,-
8,WME Toolbox: Numeros de casas,El segmento está resaltado por WME Toolbox. No es un problema,N,false,false,,false,-
9,WME Toolbox: Segmento con restricciones de tiempo,El segmento está resaltado por WME Toolbox. No es un problema,N,false,false,,false,-
13,WME Colour Highlights: Bloqueo de editor,El segmento está resaltado por WME Colour Highlights. No es un problema,N,false,false,,false,-
14,WME Colour Highlights: Peaje / Vía de sentido único,El segmento está resaltado por WME Colour Highlights. No es un problema,N,false,false,,false,-
15,WME Colour Highlights: Editado recientemente,El segmento está resaltado por WME Colour Highlights. No es un problema,N,false,false,,false,-
16,WME Colour Highlights: Rango de vías,El segmento está resaltado por WME Colour Highlights. No es un problema,N,false,false,,false,-
17,WME Colour Highlights: Sin ciudad,El segmento está resaltado por WME Colour Highlights. No es un problema,N,false,false,,false,-
18,WME Colour Highlights: Restricción horaria / Tipo de vía resaltado,El segmento está resaltado por WME Colour Highlights. No es un problema,N,false,false,,false,-
19,WME Colour Highlights: Sin nombre,El segmento está resaltado por WME Colour Highlights. No es un problema,N,false,false,,false,-
20,WME Colour Highlights: Filtro por ciudad,El segmento está resaltado por WME Colour Highlights. No es un problema,N,false,false,,false,-
21,WME Colour Highlights: Filtro por ciudad (alt. ciudad),El segmento está resaltado por WME Colour Highlights. No es un problema,N,false,false,,false,-
22,WME Colour Highlights: Filtro por editor,El segmento está resaltado por WME Colour Highlights. No es un problema,N,false,false,,false,-
23,Segmento no confirmado,Cada segmento debe tener al menos el nombre del país o estado,N,true,false,,true,true
24,Puede haber nombre incorrecto de ciudad (sólo disponible en el informe),El segmento puede tener un nombre de ciudad incorrecto,W,true,true,,true,true
25,Dirección del segmento marcada como desconocida,La dirección del segmento 'Desconocida' no impedirá enrutar por la vía,W,true,false,,true,true
27,Nombre de ciudad en vía férrea,Poner nombres de ciudad en la vía férrea puede generar ciudades manchadas,N,true,false,,true,false
28,Nombre de calle en una rampa bidireccional,Si la rampa no tiene nombre el nombre del segmento siguiente se propagará hacia atrás,W,true,false,,true,true
29,Nombre de calle en rotonda,En Waze no nombramos los segmentos de las rotondas,W,true,false,,true,true
34,Nombre de calle alternativo vacío,El nombre de calle alternativo está vacío,N,true,false,,true,true
35,Segmento de vía sin terminar,Waze no enrutará desde un segmento sin terminar,W,true,false,,true,true
36,Punto de unión A innecesario (slow),Los segmentos adyacentes al punto de unión A son idénticos,N,false,false,,true,false
37,Punto de unión B innecesario (slow),Los segmentos adyacentes al punto de unión B son idénticos,N,false,false,,true,false
38,Restricción de segmento caducada (slow),El segmento tiene una restricción caducada,N,true,false,,true,true
39,Restricción de giro caducada (slow),El segmento tiene un giro con una restricción caducada,N,true,false,,true,true
41,Conectividad inversa en punto de unión A del segmento,Hay un giro que va contra la dirección del segmento en el punto de unión A del segmento,N,true,false,,true,true
42,Conectividad inversa en punto de unión B del segmento,Hay un giro que va contra la dirección del segmento en el punto de unión B del segmento,N,true,false,,true,true
43,Auto conectividad,El segmento está conectado a si mismo,E,true,false,,true,true
44,Sin conexión de salida,El segmento no tiene ningún giro de salida permitido,E,false,false,,true,false
45,Sin conexión de entrada,El segmento no privado no tiene ningún giro de entrada permitido,E,false,false,,true,false
46,Sin entrada en A (slow),El segmento no-privado no tiene ningún giro de entrada habilitado en el punto de unión A,W,true,false,,true,true
47,Sin entrada en B (slow),El segmento no-privado no tiene ningún giro de entrada habilitado en el punto de unión B,W,true,false,,true,true
48,Segmento de rotonda bidireccional,El segmento de rotonda es bidireccional,E,true,false,,true,true
50,No hay conectividad en la rotonda (slow),El segmento de la rotonda no tiene conectividad con el segmento de rotonda siguiente,E,false,false,,true,false
57,Nombre de ciudad en rampa con nombre,Poner el nombre de ciudad en las rampas puede afectar a los resultados de búsqueda,W,true,false,,true,false
59,Nombre de Ciudad en Autopista,Poner nombres de ciudad en la Autopista puede generar ciudades manchadas,N,true,false,,true,false
73,Menos de 3 caracteres de longitud en el nombre de la calle,El nombre de la calle tiene una longitud de menos de 3 caracteres,N,true,false,n=3 | n.title={number} minimum street name length,true,false
74,Varios segmentos en el punto de unión A de la rotonda,La rotonda tiene en el punto de unión A más de un segmento conectado,W,false,false,,true,false
77,Calle sin salida con giro en U,La calle sin salida tiene un giro en U habilitado,W,false,false,,true,false
78,Segmentos con los mismos puntos de inicio y final (slow),Dos segmentos comparten los puntos de inicio y final,W,true,false,,true,true
79,Conector para giros en U demasiado corto (slow),La longitud del segmento es menor de 15 metros por lo que el giro en U no es posible,W,false,false,,true,false
87,Más de un segmento de salida en el punto de unión A de la rotonda,La rotonda tiene en el punto de unión A más de un segmento de salida conectado,E,true,false,,true,true
90,Segmento de Autopista bidireccional,La mayoría de las Autopistas están separadas en dos vías de un sentido por lo que este segmento bidireccional puede ser un error,W,true,false,,true,false
99,Giro en U en la entrada de rotonda (slow),El segmento de entrada a la rotonda tiene un giro en U habilitado,W,true,false,,true,true
101,Zona en construcción (sólo disponible en el informe),El segmento está marcado como zona de construcción,E,false,true,"regexp=/(^|\\b)closed(\\b|$)/i | regexp.title={string} regular expression to match closed road",true,true
102,Sin salida en A (slow),El segmento no tiene ningún giro de salida habilitado en el punto de unión A,W,true,false,,true,true
103,Sin salida en B (slow),El segmento no tiene ningún giro de salida habilitado en el punto de unión B,W,true,false,,true,true
104,Vía férrea usada para comentarios,El segmento de vía férrea es probablemente usado como comentario de mapa,N,true,false,,true,true
107,Sin conexión en punto de unión A (slow),El punto de unión A del segmento está a menos de 5 metros de otro segmento pero no está conectado,E,true,false,,true,true
108,Sin conexión en punto de unión B (slow),El punto de unión B del segmento está a menos de 5 metros de otro segmento pero no está conectado,E,true,false,,true,true
109,Segmento muy corto,El segmento tiene menos de 2 metros de longitud así que es difícil de ver en el mapa,W,true,false,n=5 | n.title={number} minimum segment length,true,true
112,Más de 55 caracteres en el nombre de la Rampa,El nombre de la Rampa tiene más de 55 caracteres,W,true,false,n=55 | n.title={number} maximum Ramp name length,true,true
114,No transitable conectada a transitable en el punto de unión A (slow),El segmento no transitable tiene un punto de unión con un segmento transitable en el extremo A,W,false,false,,true,false
115,No transitable conectada a transitable en el punto de unión B (slow),El segmento no transitable tiene un punto de unión con un segmento transitable en el extremo B,W,false,false,,true,false
116,Elevación fuera de rango,La elevación del segmento está fuera de rango,W,true,false,,true,true
117,Marcado obsoleto: CONST ZN,El segmento está marcado con el sufijo obsoleto CONST ZN,W,false,false,,true,true
118,Segmentos superpuestos en A (slow),El segmento se solapa con el segmento adyacente en el punto de unión A,E,true,false,,true,true
119,Segmentos superpuestos en B (slow),El segmento se solapa con el segmento adyacente en el punto de unión B,E,true,false,,true,true
120,Giro demasiado cerrado en A (slow),El segmento tiene un giro demasiado cerrado en el punto de unión A,W,true,false,,true,true
121,Giro demasiado cerrado en B (slow),El segmento tiene un giro demasiado cerrado en el punto de unión B,W,true,false,,true,true
128,Comprobación personalizada por el usuario 1,Alguna de las propiedades del segmento coinciden con la expresión regular definida por el usuario (ver Ajustes→Personalización),1,true,false,,true,true
129,Comprobación personalizada por el usuario 2,Alguna de las propiedades del segmento coinciden con la expresión regular definida por el usuario (ver Ajustes→Personalización),2,true,false,,true,true
130,Nivel de bloqueo de Autopista incorrecto,El segmento de Autopista no está bloqueado a nivel 4,N,true,false,"titleEN=No lock on Freeway | problemEN=The Freeway segment should be locked to Lvl 4 | solutionEN=Lock the segment | template=${type}:${lock} | regexp=/^3:[^4]/",false,-
131,No lock on Major Highway,The Major Highway segment should be locked to Lvl 3,N,true,false,"titleEN=No lock on Major Highway | problemEN=The Major Highway segment should be locked to Lvl 3 | solutionEN=Lock the segment | template=${type}:${lock}:${street} | regexp=/^6:[^3]:N\\-/",false,-
133,No lock on Ramp,The Ramp segment should be locked to Lvl 3,N,true,false,"titleEN=No lock on Ramp | problemEN=The Ramp segment should be locked to Lvl 3 | solutionEN=Lock the segment | template=${type}:${lock} | regexp=/^4:[^3]/",false,-
150,Nivel de bloqueo de Autopista incorrecto,El segmento de Autopista no está bloqueado a nivel ${n},N,false,false,,false,-
169,Calle nombrada incorrectamente,"La calle tiene el nombre incorrecto, usando caracteres o palabras ilegales",W,false,false,"regexp=!/^[a-zA-Z0-9\\. :""'(/)-]+$/ | regexp.title={string} regular expression to match incorrect street name",true,false
170,Nombre de calle comienza con minúscula,El nombre de la calle comienza con minúscula,W,true,false,regexp=/^[a-zа-яёіїєґ]/ | regexp.title={string} regular expression to match a lowercase name,true,false
172,Nombre de calle con espacios innecesarios,Espacio en blanco inicial/final o doble en el nombre de la calle,N,true,false,regexp=/^\\s|\\s$|\\s\\s/,true,true
173,Nombre de segmento sin espacio antes o después de una abreviación,"Sin espacio antes ('1943r.') o después ('St.Jan') de una abreviación en el nombre del segmento",W,false,false,"regexp=/([^\\s]\\.[^\\s0-9-][^\\s0-9\\.])|([0-9][^\\s0-9]+\\.[^0-9-])/",true,true
175,Nombre del segmento sólo con espacios,El nombre del segmento sólo tiene espacios en blanco en el nombre,W,true,false,regexp=/^[\\s\\.]*$/,true,true
190,Nombre de ciudad con minúscula,El nombre de la ciudad comienza con minúscula,W,true,false,regexp=/^[a-zа-яёіїєґ]/ | regexp.title={string} regular expression to match a lowercase city name,true,true
192,Nombre de Ciudad con espacios innecesarios,Espacio en blanco inicial/final o doble en el nombre de la ciudad,N,true,false,regexp=/^\\s|\\s$|\\s\\s/,true,true
193,Nombre de Ciudad sin espacio delante o atrás de una abreviación,"Sin espacio antes ('1943r.') o después ('St.Jean') de una abreviación en el nombre de la ciudad",N,false,false,"regexp=/([^\\s]\\.[^\\s0-9-][^\\s0-9\\.])|([0-9][^\\s0-9]+\\.[^0-9-])/",true,true
200,Unión A: Giro suave (implícito) en segmento,El segmento tiene un giro no confirmado,N,true,false,,true,true
201,Unión A: Giro suave (implícito) en segmento principal,El segmento principal tiene un giro no confirmado,W,true,false,,true,true
